,Songs
1,12-Bar Original
2,After All These Years (Ringo Starr song)
3,Alibi (Ringo Starr song)
4,All by Myself (Ringo Starr song)
5,Angel in Disguise (McCartneyâ€“Starr song)
6,Anthem (Ringo Starr song)
7,Back Off Boogaloo
8,Band of Steel
9,The Beatles Play the Residents and the Residents Play the Beatles
10,Blindman (song)
11,Blink (Ringo Starr song)
12,Call Me (Ringo Starr song)
13,Can't Do It Wrong
14,Choose Love (song)
15,The Christmas Dance
16,Christmas Time (Is Here Again)
17,"Come On Christmas, Christmas Come On"
18,Cryin' (Ringo Starr song)
19,Dead Giveaway
20,Dear Santa (Ringo Starr song)
21,Devil Woman (Ringo Starr song)
22,Dig It (Beatles song)
23,Don't Go Where the Road Don't Go
24,Don't Hang Up (Ringo Starr song)
25,Don't Pass Me By
26,Down and Out (Ringo Starr song)
27,Early 1970
28,Elizabeth Reigns
29,English Garden (Ringo Starr song)
30,Everybody's in a Hurry But Me
31,Everyday (Ringo Starr song)
32,Everyone Wins
33,Eye to Eye (Ringo Starr song)
34,Fading In Fading Out
35,Flying (Beatles instrumental)
36,For Love (Ringo Starr song)
37,Free as a Bird
38,Free Drinks (song)
39,Gave It All Up
40,Give It a Try
41,Give Me Back the Beat
42,Going Down (Ringo Starr song)
43,Gonna Get My Baby Back
44,Gypsies in Flight
45,Hard to Be True
46,Harry's Song
47,Hopeless (Ringo Starr song)
48,I Think Therefore I Rock and Roll
49,I Wanna Be Santa Claus (song)
50,I Was Walkin'
51,I'll Be Fine Anywhere
52,I'm Home (Ringo Starr song)
53,I'm Yours (Ringo Starr song)
54,If It's Love That You Want (Ringo Starr song)
55,Imagine Me There
56,In Liverpool (Ringo Starr song)
57,In My Car (Ringo Starr song)
58,Instant Amnesia
59,It Don't Come Easy
60,It's No Secret (Ringo Starr song)
61,King of Broken Hearts
62,La De Da (Ringo Starr song)
63,Lady Gaye
64,Las Brisas (Ringo Starr song)
65,Liverpool 8 (song)
66,"Love First, Ask Questions Later"
67,Love Is (Ringo Starr song)
68,Me and You (Ringo Starr song)
69,Memphis in Your Mind
70,Mindfield (song)
71,Missouri Loves Company
72,Mr. Double-It-Up
73,Mystery of the Night
74,Never Without You
75,Now and Then (Beatles song)
76,Now That She's Gone Away
77,Octopus's Garden
78,Oh My Lord (Ringo Starr song)
79,Oh My My (Ringo Starr song)
80,OK Ray
81,Old Time Relovin'
82,One (Ringo Starr song)
83,Oo-Wee
84,The Other Side of Liverpool
85,Out on the Streets
86,Party (Ringo Starr song)
87,Pasodobles
88,Pax Um Biscum (Peace Be With You)
89,Peace Dream
90,Photograph (Ringo Starr song)
91,Postcards from Paradise (song)
92,Puppet (Ringo Starr song)
93,R U Ready? (Ringo Starr song)
94,Really Love You
95,Runaways (Ringo Starr song)
96,Samba (Ringo Starr song)
97,Satisfied (Ringo Starr song)
98,Simple Love Song
99,Slow Down (Ringo Starr song)
100,Some People (Ringo Starr song)
101,Step Lightly (song)
102,Stop and Take the Time to Smell the Roses
103,Suzy Parker (Beatles Song)
104,Think About You (Ringo Starr song)
105,Time (Ringo Starr song)
106,Trippin' on My Own Tears
107,Tuff Love
108,The Turnaround (song)
109,Vertical Man (song)
110,Wake Up (Ringo Starr song)
111,Walk with You
112,What Goes On (Beatles song)
113,What in the... World
114,What Love Wants to Be
115,Where Are You Going (Ringo Starr song)
116,Who Needs a Heart
117,Who's Your Daddy (Ringo Starr song)
118,Wings (Ringo Starr song)
119,Without Understanding
120,Wonderful (Ringo Starr song)
121,Write One for Me
122,Wrong All the Time
123,Y Not (song)
124,You Can't Fight Lightning
125,You Give Me Joy Joy
